<pagescount>
	<total_html_pages>3</total_html_pages>
	<html>3</html>
	<img>16</img>
	<js>5</js>
	<css>2</css>
	<pdf>0</pdf>
	<xml>0</xml>
	<txt>0</txt>
	<fonts>19</fonts>
	<is_pretty_url>false</is_pretty_url>
	<is_ebn>false</is_ebn>
	<theme_name>WDO_theme</theme_name>
	<server_url_front_page>https://www.waybackmachinedownloader.com/website-downloader-online/scraping/files/live/btcgen.pro_rotsenmondoy_yahoo.com_4mz636kxifi</server_url_front_page>
	<hosted_domain>hosted_domain</hosted_domain>
</pagescount>